class,score
1,0.9
1,0.8
0,0.7000000000000001
1,0.6000000000000001
1,0.55
1,0.54
0,0.53
0,0.52
1,0.51
0,0.505
1,0.4
0,0.39
1,0.38
0,0.37
0,0.36
0,0.35000000000000003
1,0.34
0,0.33
1,0.30000000000000004
0,0.1
